<?xml version="1.0" encoding="utf-8"?>
<Keynotes>
  <GRADINGNOTES number="1">MATCH LINE AND GRADE OF EXISTING PAVEMENT, TACK AND MATCH PER DETAIL SHEET XX.</GRADINGNOTES>
  <GRADINGNOTES number="2">MATCH LINE AND GRADE OF EXISTING PAVEMENT, TACK AND MATCH PER DETAIL SHEET XX.</GRADINGNOTES>
  <GRADINGNOTES number="7">MATCH LINE AND GRADE OF EXISTING PAVEMENT, TACK AND MATCH PER DETAIL SHEET XX.</GRADINGNOTES>
  <PAVINGNOTES number="1">INSTALL PAVING PER GEOTECHNICAL REPORT PREPARED BY OTHERS.</PAVINGNOTES>
  <PAVINGNOTES number="2">INSTALL 6" VERTICAL CURB PER MSD XXX.</PAVINGNOTES>
  <PAVINGNOTES number="3">INSTALL 4" ROLL CURB PER MSD XXX.</PAVINGNOTES>
  <PAVINGNOTES number="4">INSTALL CURB TRANSITION PER MSD XXX.</PAVINGNOTES>
  <PAVINGNOTES number="5">INSTALL CURB RAMP PER MSD XXX.</PAVINGNOTES>
  <PAVINGNOTES number="6">INSTALL MID BLOCK CURB RAMP PER MSD XXX.</PAVINGNOTES>
  <PAVINGNOTES number="7">INSTALL HYDRANT MARKERS PER MSD XXX.</PAVINGNOTES>
  <PAVINGNOTES number="8">ADJUST MANHOLE RIM ELEVATION PER MSD XXX.</PAVINGNOTES>
  <PAVINGNOTES number="9">ADJUST VALVE ELEVATION PER MSD XXX.</PAVINGNOTES>
  <PAVINGNOTES number="10">INSTALL 4' SIDEWALK PER MSD XXX.</PAVINGNOTES>
  <PAVINGNOTES number="11">INSTALL 6' SIDEWALK PER MSD XXX.</PAVINGNOTES>
  <PAVINGNOTES number="12">SAWCUT AND REMOVE MIN 2' WIDTH EX. PAVEMENT PER MSD XXX.</PAVINGNOTES>
  <PAVINGNOTES number="13">MATCH LINE AND GRADE OF EXISTING PAVEMENT, TACK AND MATCH PER DETAIL SHEET XX.</PAVINGNOTES>
</Keynotes>